config,opponents,episode,seed,layout_sha256,score,coins,kills,suicides,survived,win_share,episode_steps,bombs,invalid,timeout_events,timeout_skips,action_count,unsafe_selected,checked_actions,audited_deaths,unsafe_selected_deaths,threat_bombs,trapped_threat_bombs,latency_median_ms,latency_p95_ms,latency_max_ms
final_native,mixed,0,270920260,1cdbb58e91fe61a087ef74777041e6468f3c44a56416663cc4938a61198e6e14,5,0,1,0,1,0,400,28,2,0,0,400,0,40,0,0,11,0,3.7265835562720895,5.922063969774172,6.680708029307425
final_native,mixed,1,270920261,f85268d5173a838bd417e6257d64db6cf4b23d4939768bc17fbed66d6cef1649,2,2,0,0,1,0,400,25,0,0,0,400,0,40,0,0,10,0,3.5633749794214964,4.596607747953385,5.29025006107986
final_native,mixed,2,270920262,35f2914f09bd70b6396825aa8cf0a4d235aa2f2068e7ddb66cf051c3e3dcff71,2,2,0,0,0,0,400,14,0,0,0,192,0,20,1,0,3,0,3.1487285159528255,4.775228613289073,5.730084027163684
final_native,mixed,3,270920263,9bb353647d9be65a812a13cdaf6023e020956a3a85ee9ec5cfe668dcf0b9b0ac,2,2,0,0,1,0,400,35,2,0,0,400,0,40,0,0,19,0,3.523916529957205,4.655651428038254,5.280667101033032
final_native,mixed,4,270920264,f1bcd93faf5a46a854cdb815b8470290b881edb180517b9f06c03cfccbb9959b,1,1,0,1,0,0,349,20,2,0,0,284,0,29,1,0,7,0,3.4363329759798944,4.927781427977606,6.149666965939105
final_native,mixed,5,270920265,d3da21b7eb615eb38328979523d763ef72ce7f268659fb8b5795648b766c90bc,0,0,0,0,1,0,400,18,0,0,0,400,0,40,0,0,1,0,3.3585625351406634,4.518845857819542,5.009250016883016
final_native,mixed,6,270920266,f1ec0b17f3c835f6e10ea1e06a57c0ee3bd0592b522272f6091529100b07d543,1,1,0,1,0,0,265,10,0,0,0,87,0,9,0,0,2,0,2.487791934981942,3.3523955848068,3.888249979354441
final_native,mixed,7,270920267,4623bcd808c1ac747a00cf58551ce145c09c5a207e957116c32fa9ea12d98867,5,5,0,1,0,0,400,13,1,0,0,114,0,12,1,0,1,0,2.7494170353747904,4.205387533875182,5.002291058190167
final_native,mixed,8,270920268,76c4e99bb8c00eb00ae9596805fdedaf5d09420ec5329a7e243b43f1cef95822,0,0,0,0,0,0,316,9,0,0,0,87,0,9,0,0,1,0,2.5824999902397394,3.813021315727383,4.0539579931646585
final_native,mixed,9,270920269,48f0f195a6a38a2f4ffd4a078bc10d0c383db27e0c24cb8a732155a7fa58a27e,7,2,1,1,0,1.0,400,13,0,0,0,106,0,11,1,0,1,0,2.699916542042047,3.3223859791178256,3.749833907932043
final_native,mixed,10,270920270,b5e2fd14222ce16049e1f8ce5e74411aef6be07cf70844ee969cc1db86148b5f,1,1,0,1,0,0,386,34,1,0,0,382,0,38,0,0,19,0,3.450104035437107,4.659720452036709,5.343500059098005
final_native,mixed,11,270920271,0a21d71b60e1bbf1e47ca38437ce7c0ac7de07565052fe0c62abe4fc965c3fd4,3,3,0,0,1,0,400,17,0,0,0,400,0,40,0,0,3,0,4.375396005343646,5.4623648698907346,5.784542066976428
final_native,mixed,12,270920272,0fdffd1514307c1188ada9a19ce9e338e1fd6497a80a7683b18d79fc904ed18c,1,1,0,1,0,0,400,9,0,0,0,118,0,12,0,0,1,0,2.5125835090875626,2.979914366733283,3.1634169863536954
final_native,mixed,13,270920273,f5f5acb609bbdd62c90b2354ed38f23d45b073ce97d822801d2142bbc56b0085,7,2,1,0,1,1.0,400,20,1,0,0,400,0,40,0,0,1,0,3.9392500766552985,5.164674681145698,12.619957909919322
final_native,mixed,14,270920274,d37b085eee7a48d9231caf982f18231ae9053ab0176671c2329ea584204bae41,3,3,0,1,0,0,400,19,0,0,0,172,0,17,0,0,5,0,2.9600210255011916,4.076292010722682,4.803708987310529
final_native,mixed,15,270920275,431d0c216687842380be127686b648028d9ee048d1a9b1cb6b5e5ad29f84f0f8,5,5,0,0,1,0,400,32,0,0,0,400,0,40,0,0,16,0,3.4531880519352853,4.5713815721683195,5.300541059114039
final_native,mixed,16,270920276,e60df91e5dd6a1f5a01302c7632153ff80a0aa7c09bb1ffbaeb8c090999abf93,0,0,0,0,1,0,400,16,1,0,0,400,0,40,0,0,1,0,3.623395983595401,4.994568089023232,6.693458999507129
final_native,mixed,17,270920277,371528be88791228d5750ced1eaf43d0d847c5de1be2dd998b59a52e08ec04a4,1,1,0,0,1,0,400,16,0,0,0,400,0,40,0,0,2,0,3.878874995280057,4.8664193658623836,5.36083395127207
final_native,mixed,18,270920278,cdcb7466c88903a2a69d279e8c628b8d4b0587c870d9ea4b4d7353e13e786aa9,2,2,0,0,1,0,400,18,0,0,0,400,0,40,0,0,1,0,3.605458536185324,4.891452088486402,6.339207990095019
final_native,mixed,19,270920279,77088a35e526120af34b29c605f55ec7dc90cc4a81e110ffa9a1c7fe4baa66b4,6,6,0,0,1,0,400,26,0,0,0,400,0,40,0,0,2,1,3.375895495992154,4.222966666566207,4.605833091773093
final_native,mixed,20,270920280,e2f1e236417046433a242a942db9c27b451c07315ad8a0a04d9cf0154d814f1f,3,3,0,1,0,0,214,11,1,0,0,95,0,10,1,0,0,0,2.6199580170214176,3.889987606089561,4.800958093255758
final_native,mixed,21,270920281,95f3807786ebda571766208f23d8ebbf29f9d276930fa03b660c6253ee8fc016,2,2,0,0,1,0,400,17,0,0,0,400,0,40,0,0,2,0,3.9745625108480453,5.035757698351515,5.919791990891099
final_native,mixed,22,270920282,3ea9f1c9a364b74cc51b07473c7b0daff19a410ed1d5693c544309727894ba16,6,1,1,0,1,1.0,400,28,1,0,0,400,0,40,0,0,12,0,3.62177100032568,4.65555204427801,6.25545799266547
final_native,mixed,23,270920283,c572235924a2857863ebfdbadca19696af54ff5158a53e062411c9ec1d821ef6,1,1,0,0,1,0,400,34,0,0,0,400,0,40,0,0,13,0,3.6524379975162446,5.055700335651635,5.960542010143399
final_native,mixed,24,270920284,5ac5fa9169ac153304d2eb2956c05ccc403b4a52a341c5caa8560a0e17df2a37,0,0,0,1,0,0,185,6,1,0,0,58,0,6,0,0,1,0,2.2319380077533424,2.9842544987332076,3.1738330144435167
final_native,mixed,25,270920285,8b042ae37d5fe51cf60de474bacb99967d518777093f372388f3064d99b86752,2,2,0,1,0,0,400,21,1,0,0,209,0,21,0,0,3,0,3.510999958962202,4.6871831407770514,5.405333009548485
final_native,mixed,26,270920286,c6bb08936ee5e2ac01dde0c8460b6c2b99a2bbc57fd36e44628d561edfe59b0e,1,1,0,1,0,0,400,10,1,0,0,151,0,15,0,0,2,0,3.488041926175356,3.893791523296386,4.249374964274466
final_native,mixed,27,270920287,b2a0e7dbab2ace1f77d492d89c99eb7d10f902dad0ed0e7c13a77d089b46485d,2,2,0,0,1,0,400,19,0,0,0,400,0,40,0,0,6,1,3.431374963838607,3.813246404752135,4.68950008507818
final_native,mixed,28,270920288,1ea10d6af99e92a2f4695ed18448f3dcd3bb50946f8ab802479eac62226b84db,0,0,0,0,1,0,400,20,0,0,0,400,0,40,0,0,5,0,4.473103967029601,4.773798608221112,5.859749973751605
final_native,mixed,29,270920289,10531e3e73dfbb4a444797c7e9f213e3b846dd8d3432acded3a457d7f5742ded,6,1,1,1,0,0.5,297,26,1,0,0,240,0,24,0,0,8,0,3.136874991469085,4.531770513858646,5.935625056736171
final_native,mixed,30,270920290,2934594a86d2712d3b9d6fe3f43c25d9b976001e6945a9bc258da79a72578916,1,1,0,0,1,0,400,24,3,0,0,400,0,40,0,0,12,0,3.58249997952953,4.784797539468854,5.309708998538554
final_native,mixed,31,270920291,de0505beb3c270d13e36af208430a1d83c2fda32b739e14912cf7186f4249d51,2,2,0,1,0,0,299,11,1,0,0,130,0,13,0,0,2,0,2.6533540803939104,3.617239068262279,4.410790977999568
final_native,mixed,32,270920292,3c778e9c6696edfa6a9b46c0f01d397c10489940b151f295fda41b2986ca9869,1,1,0,0,1,0,400,39,1,0,0,400,0,40,0,0,21,0,3.4135414753109217,4.583874734817072,5.330541986040771
final_native,mixed,33,270920293,6639296fb1351a2b519b1d7f9d117b835257b7f03dde2dddb59253ab22abaed1,1,1,0,1,0,0,266,7,1,0,0,58,0,6,0,0,1,0,2.129146072547883,2.958423155359924,3.1563329976052046
final_native,mixed,34,270920294,d8a7d6b0be4e924be731c97e643871f713c97e7f47aa29660ad47db58d6745e7,6,1,1,0,1,1.0,400,21,0,0,0,400,0,40,0,0,5,0,4.2370419832877815,4.955743491882458,5.461583030410111
final_native,mixed,35,270920295,54b5f7f6a8904fe616e8130684bfd89b450a768f3fa0e913713c7629f4f2ca2a,8,3,1,1,0,1.0,226,18,0,0,0,193,0,20,1,0,2,0,3.1673340126872063,4.429358174093067,5.383667070418596
final_native,mixed,36,270920296,3b88c4a9135209fd7cb5ae5e307a35d7e897fd69a2222048e1c2b24e25f2eb5c,1,1,0,1,0,0,394,31,1,0,0,355,0,36,1,0,12,0,3.25870793312788,4.635092080570758,5.312833935022354
final_native,mixed,37,270920297,323428fdfd22a7272ac58cfde006c8edf989c6eaf58b8328f0c1479acc06eae9,7,2,1,1,0,1.0,400,21,0,0,0,349,0,35,0,0,9,0,3.46941698808223,4.4607501942664385,5.1705410005524755
final_native,mixed,38,270920298,24f37b2a99c9972da000be10fa5e4214b4b2879fb6433090a33035eb62412e49,1,1,0,0,1,0,400,27,0,0,0,400,0,40,0,0,7,0,3.776895464397967,4.430680879158899,5.44333306606859
final_native,mixed,39,270920299,e642065c4a8fe8601f8aa7b4cabb9904d116fd95d93117ccfdc09d8c099ff2c7,0,0,0,0,1,0,400,23,3,0,0,400,0,40,0,0,11,0,3.8634795346297324,5.053316702833399,6.45858293864876
final_native,mixed,40,270920300,5c792b992c692cd7b292a6b503a0ea4b0ad70a2af7f958a12a8172e764b3cb61,7,2,1,0,1,1.0,400,17,0,0,0,400,0,40,0,0,1,0,3.842228965368122,4.822625045198946,5.587208084762096
final_native,mixed,41,270920301,9b6199e6f89c082855c8ea98331c9bcc70716fc61a7e5afc6a7f916cf9db0064,6,1,1,1,0,0,276,21,0,0,0,164,0,17,1,0,5,1,2.75772949680686,3.838800004450604,4.500332986935973
final_native,mixed,42,270920302,4881ce04e721a92cc19dd81f1d8c0db80a3ee0cc75237c6a9afce55abc34f021,3,3,0,0,1,0,400,30,1,0,0,400,0,40,0,0,13,0,3.4301874693483114,5.034412129316472,6.430958048440516
final_native,mixed,43,270920303,8962d04063129b9743aa4ceb157b9abf5849d6bbc161f66bf7e4bafdf98961c2,7,2,1,0,1,0,379,27,1,0,0,379,0,38,0,0,15,0,3.5977920051664114,5.073033319786191,6.203499971888959
final_native,mixed,44,270920304,6e42293c562f68c503181d5dd202953b15e7c9bbf3dfb96d48fdaf4f711c7cae,2,2,0,1,0,0,354,25,1,0,0,291,0,30,1,0,10,0,3.656666027382016,4.627936985343695,5.897084018215537
final_native,mixed,45,270920305,a1bbb3384d8893e701d4e70e068992f3e0fe8f81116905db1bb1e84e2aee2960,2,2,0,0,1,0,400,28,2,0,0,400,0,40,0,0,15,0,3.560041484888643,4.717886046273633,6.817332934588194
final_native,mixed,46,270920306,7a15a8f5f127d74c155f2cc57511aedf2ecb37cefe4ca1d9ca711ccf31a68e7e,0,0,0,0,1,0,400,18,0,0,0,400,0,40,0,0,0,0,4.683041479438543,5.622874974505976,6.425958010368049
final_native,mixed,47,270920307,97613d38f834dfabb8510c1c8ee4b78eae70a4a6af393ba9577ceeaad0483cbe,6,1,1,0,1,0,400,33,3,0,0,400,0,40,0,0,16,0,3.636312496382743,4.937687539495527,6.309832911938429
final_native,mixed,48,270920308,7de770d7ad030e22f04f7708bb83c1e59848f17b57463ba4cbac11fedc0de702,0,0,0,0,1,0,400,15,1,0,0,400,0,40,0,0,6,0,3.6168124643154442,4.881052079144865,6.248041056096554
final_native,mixed,49,270920309,46ba9c7f946e6ab787b342c410b217a3a64cde6c5cc090b6f7f67bb798d81c5c,2,2,0,0,1,0,400,15,0,0,0,400,0,40,0,0,1,0,3.523104009218514,4.865595919545739,5.58016705326736
final_native,mixed,50,270920310,3536d49fdb2befac0cbffa9b7f47b90badcdf774e7c7bd9c72fff1e2dcf7fbbb,1,1,0,1,0,0,400,9,0,0,0,71,0,7,0,0,1,0,2.3400000063702464,3.016500500962138,3.2982499105855823
final_native,mixed,51,270920311,a9d4bdb9a846faa5328373c363acba14c688373bd2f802e240bfc68316449886,1,1,0,1,0,0,266,18,1,0,0,213,0,22,1,0,3,0,3.678042092360556,4.811758431605994,5.833249888382852
final_native,mixed,52,270920312,56a2752528c9390617a1a5d6c256d700ecf25abe0899087a9074f92c992073c8,7,2,1,0,1,1.0,400,18,0,0,0,400,0,40,0,0,2,0,4.092437506187707,5.165712168673053,6.254707928746939
final_native,mixed,53,270920313,473dd8595ded0df3362d2b8c9dc617425b6ef9047623a982a39ac0f9fabc8b5f,7,2,1,1,0,0.5,400,10,1,0,0,80,0,8,0,0,1,0,2.3240624577738345,3.289868356660008,3.906583064235747
final_native,mixed,54,270920314,80649853e10cac50353e6ff2dc401ee52a3804a299b34e521ef0e926050e0c71,0,0,0,1,0,0,240,11,1,0,0,178,0,18,0,0,2,0,3.20741644827649,4.457462456775829,4.93579194881022
final_native,mixed,55,270920315,ac06f249e37704039c18e958f468e7385cb43eb67c3a85c233e2d0645b2fda59,6,1,1,0,1,0,348,31,1,0,0,348,0,35,0,0,18,0,3.582166973501444,5.020662391325458,6.27062504645437
final_native,mixed,56,270920316,9ce84960e1d9798e6eef2e07a48853a1ba3c44a4c2c594b955adda2f64f4699f,0,0,0,0,1,0,400,18,1,0,0,400,0,40,0,0,3,0,3.730624564923346,4.684188903775065,5.3975420305505395
final_native,mixed,57,270920317,8fbff485718273861e765809bc051dfbd33e13fe3a37e453c7057544c1b39e01,1,1,0,1,0,0,358,28,2,0,0,354,0,36,1,0,9,0,3.575562499463558,4.803631745744497,5.902124918065965
final_native,mixed,58,270920318,e0e25d3399c27750724b26471a6438af1b1aba79c3872ded6d93aafd474872ba,8,3,1,1,0,0.5,254,20,1,0,0,214,0,22,1,0,6,0,2.98483349615708,4.1702999791596085,4.827415919862688
final_native,mixed,59,270920319,19c198a984314be03372b3829b494810903b5d7b8f85051abe86581048b82386,1,1,0,0,1,0,400,30,1,0,0,400,0,40,0,0,15,0,3.726208466105163,5.174360348610206,6.105291075073183
final_native,mixed,60,270920320,db9ce3d1b2c57274d0d86ae5604444fcd7db7e6f302fb4c7e35450d0cf1e0018,1,1,0,0,1,0,400,15,1,0,0,400,0,40,0,0,5,1,2.8162914677523077,3.1322111084591593,4.337958060204983
final_native,mixed,61,270920321,c7642e6569197b816fa775e8e6f9aca47465820dfddeb486507f50d47c515c9b,2,2,0,1,0,0,400,28,5,0,0,398,0,40,0,0,14,0,3.361062495969236,4.496620479039848,5.041041993536055
final_native,mixed,62,270920322,05b86c1324a25d4064485c67b0399237f7aecee560614fa6db484b7d647bcb30,0,0,0,1,0,0,271,16,0,0,0,132,0,13,0,0,0,0,2.9725005151703954,4.26775609375909,5.278041935525835
final_native,mixed,63,270920323,860d53c78e68757d4a7c140f2d9da227d8886756bbed5050d4805a182eb83e05,6,1,1,1,0,0,312,22,1,0,0,270,0,27,0,0,7,0,3.5248129861429334,4.6414230833761385,5.375875043682754
final_native,mixed,64,270920324,3e53a46a0ca5773ea1a5b4aaaa67f14fd1f3bd57954a12cbe38d41cc320c1cef,1,1,0,0,1,0,400,18,0,0,0,400,0,40,0,0,6,0,4.20047901570797,4.8385189613327375,5.670499987900257
final_native,mixed,65,270920325,0465c4a6b1197ef3cff3735d92bc572caabfcbe2cd116a7858fda8ac0596baac,3,3,0,0,1,0,400,17,0,0,0,400,0,40,0,0,2,0,3.7455419660545886,4.968778608599678,5.301874945871532
final_native,mixed,66,270920326,71d6bb1848d73c160e87000417e3ae9cea8dac92a858150f0d92c52a4e692cdf,1,1,0,0,1,0,400,34,2,0,0,400,0,40,0,0,14,0,3.509770496748388,4.662215179996565,5.2387909963727
final_native,mixed,67,270920327,60495a6ee8ad23f1ad73cda47ea93d6508803aafb4e6c71db791af73dd4a4f3a,1,1,0,0,1,0,400,14,0,0,0,400,0,40,0,0,3,0,3.5675414255820215,4.571778839454052,13.919000048190355
final_native,mixed,68,270920328,edaf97cca0152de3b13b48c441f8dbf184b65a02b0130376b2bad6f7e04541da,6,1,1,1,0,1.0,245,22,0,0,0,215,0,22,1,0,5,0,3.471874981187284,4.891982988920063,6.635708035901189
final_native,mixed,69,270920329,86b61108e6a4ed0e94b6f58bbdd31fd1bf59765994011899e8149c09aff54fa3,1,1,0,1,0,0,400,31,2,0,0,384,0,39,1,0,18,0,3.76672949641943,5.738168809330082,48.19737491197884
final_native,mixed,70,270920330,1a0b34711c8be5015e488e40bca4f9fbcf60dedb6b20e4fa3a833783014a90d3,3,3,0,0,1,0,400,21,0,0,0,400,0,40,0,0,3,0,4.187582992017269,5.334406270412728,6.336290971376002
final_native,mixed,71,270920331,60fea7e514b95ef22b2f67c6df985374a0ed8f28773d3aa79fd22fdfcd158df7,1,1,0,1,0,0,370,21,1,0,0,295,0,30,1,0,8,0,3.204040927812457,4.537462454754859,4.954374977387488
final_native,mixed,72,270920332,a419b93b49e54f263d2c64e88fe6cf27f60c58c97ccd0274aa65eff9d1cd4965,2,2,0,1,0,0,400,15,1,0,0,137,0,14,0,0,0,0,2.6682079769670963,3.95622537471354,4.286875016987324
final_native,mixed,73,270920333,b105a24838a605960d126f89323ed2625cb8be1d71a8f2ca13f607c024725524,1,1,0,0,1,0,400,20,2,0,0,400,0,40,0,0,7,0,3.9017704548314214,4.910603625467046,5.586375016719103
final_native,mixed,74,270920334,826fae62f590f1c4cffb9d07957834a68816744cae12382d4d9a246709af851a,1,1,0,1,0,0,400,16,1,0,0,205,0,21,1,0,2,0,3.710709046572447,5.089249997399747,6.4323750557377934
final_native,mixed,75,270920335,d8bb44cb0283a682b988c71bd5b5e7f25b94367b00ba7727c32b8e01a86433da,1,1,0,1,0,0,371,34,0,0,0,364,0,37,1,0,11,0,3.2780420151539147,4.544331360375509,5.357957910746336
final_native,mixed,76,270920336,849bbc6fef42a2a078d332192815e00dfdaa87dcca5a1ca0bc2a35eb0956f1ed,1,1,0,1,0,0,321,28,4,0,0,317,0,32,0,0,13,0,3.465416026301682,4.860442015342414,6.626249989494681
final_native,mixed,77,270920337,c78600bdcf94870da60da125dd2c262c0f3c43aebe04defe3d2fb6584ce3ee4c,0,0,0,1,0,0,270,11,1,0,0,134,0,14,1,0,1,0,3.147687006276101,3.9260208664927627,4.28137497510761
final_native,mixed,78,270920338,4280c4b1227a74bd0fd76db5d0b6094531d11a3dc05ce3bed9a23a4280404559,2,2,0,0,1,0,400,33,2,0,0,400,0,40,0,0,14,0,3.9267084794119,6.6163308161776495,10.029666009359062
final_native,mixed,79,270920339,2c5c0b580874b3135177e4f1bae7e84299cf72ca05ddd71bb41eb2c5c1103402,2,2,0,0,1,0,400,36,2,0,0,400,0,40,0,0,16,0,3.3960415748879313,5.017889203736557,6.145542021840811
final_native,mixed,80,270920340,9dea7f3b554c0462cfaaece1ee198961b75ad47c0db2e165061c8bc695269bb1,1,1,0,1,0,0,207,11,0,0,0,87,0,9,0,0,0,0,2.7228749822825193,4.250945593230426,5.309124942868948
final_native,mixed,81,270920341,bc99130f700a45f6dcde148a7eefa1286af4edb2b56210031c599da5dff854e5,1,1,0,1,0,0,400,9,1,0,0,78,0,8,0,0,1,0,2.195895998738706,3.2717687950935215,3.90775001142174
final_native,mixed,82,270920342,05c308bc8c2585e1f4de8d16c096d026ee9d14a9f729119fc73dc0085a027f1d,1,1,0,0,1,0,400,15,0,0,0,400,0,40,0,0,1,0,4.7541254898533225,5.507739353924989,6.53766596224159
final_native,mixed,83,270920343,ff67d647a3f71ee2a332e38de00daede3506462ad62131a8af49bd600aca0c0e,1,1,0,1,0,0,322,10,1,0,0,82,0,8,0,0,0,0,2.3923959815874696,3.1976308790035546,3.3625420182943344
final_native,mixed,84,270920344,b013843026c224ab41749557b42485ce2f3afd8507f08b33e9c55a986765f6dc,8,3,1,1,0,0,243,21,3,0,0,228,0,23,0,0,2,0,3.614207962527871,5.172814684920012,5.985083058476448
final_native,mixed,85,270920345,5b618effdb0849605589d02c7637e8fdedac5d2857a6f0ac174bcf265189bfb7,0,0,0,1,0,0,344,5,1,0,0,37,0,4,0,0,0,0,1.8217080505564809,2.3292248137295246,2.4679170455783606
final_native,mixed,86,270920346,3a5b29aaa7213f10e1b07b9123ae22cdd70d89cb6b2529f37b3fecf070e85f79,7,2,1,0,1,0,400,22,0,0,0,400,0,40,0,0,13,0,3.7389169447124004,5.6088413402903825,8.559665991924703
final_native,mixed,87,270920347,694f0385a82acadc2afc5d596d0a60be925d91406c723032e0a053215409763a,2,2,0,0,1,0,400,26,0,0,0,400,0,40,0,0,13,0,3.662312461528927,4.915587184950709,5.759332911111414
final_native,mixed,88,270920348,a0156b43057782ddbdebb7e7b5b0e16f42e436c603376e1dc0b6657dcd4b1448,4,4,0,0,1,0,400,19,1,0,0,400,0,40,0,0,3,0,3.782625019084662,4.679227480664849,5.572750000283122
final_native,mixed,89,270920349,a9abc54d21c2ed80302d60fa549eecdd4f438f7b8761f7ccfd749a9194bcc9c5,1,1,0,1,0,0,243,16,1,0,0,135,0,14,1,0,1,0,2.942041028290987,4.161841934546828,4.586916998960078
final_native,mixed,90,270920350,ff8270aac72b759362715737df7a5f25d4910714cf8d7fe3926562b7e46a023a,1,1,0,0,0,0,214,11,1,0,0,104,0,11,1,0,1,0,2.7090205112472177,3.638387651881203,4.20437497086823
final_native,mixed,91,270920351,50a7f57494468f74365ab361af1203f0c264373d64f69ff1d06647a697562266,7,2,1,0,1,0,400,31,1,0,0,400,0,40,0,0,18,0,3.5158125101588666,4.97088191914372,5.7175420224666595
final_native,mixed,92,270920352,9a404b34bf171da468dd5ccfb407c2a732aaa4f9ecc3fbc15ba25896931bc321,0,0,0,1,0,0,266,6,1,0,0,48,0,5,0,0,0,0,2.1482710144482553,2.9637251107487828,3.4657499054446816
final_native,mixed,93,270920353,8ce16733e7fe8fea0ee59f4f4b2e7d3d17c5f2a54644fe78fb721c77042d9609,1,1,0,0,1,0,400,13,0,0,0,400,0,40,0,0,1,0,4.588687035720795,5.247358966153115,5.912374937906861
final_native,mixed,94,270920354,72656986af3616d243088d3757c2ee38aa362cefa29e3cc64a3f137da5124393,1,1,0,0,0,0,312,11,0,0,0,88,0,9,0,0,2,0,2.402895479463041,3.13984157401137,3.316042013466358
final_native,mixed,95,270920355,ef4842ebc0784ab77262293ed9ba1b22ce106d7e9243cc5eddf3deb4f02da263,7,2,1,0,1,0,400,37,0,0,0,400,0,40,0,0,13,0,3.4266665461473167,4.741649987408891,6.022958899848163
final_native,mixed,96,270920356,2575199ea80367fd84a63848529d50b9f631d364e80fcb60db2f3053260ca35b,0,0,0,1,0,0,315,10,0,0,0,78,0,8,0,0,0,0,2.4969170335680246,3.6227375501766796,4.24812501296401
final_native,mixed,97,270920357,60ced411e7655e462a2bd9db0f3f67bcc632fd66edb87b77c526a485435a90f9,8,3,1,0,1,0,400,19,0,0,0,400,0,40,0,0,4,0,3.424124966841191,4.865270503796634,7.1280410047620535
final_native,mixed,98,270920358,e5cbd611a736214537eb15a361c62210397bc1550803543a00e6c3a6a083093c,8,3,1,0,1,1.0,400,24,0,0,0,400,0,40,0,0,4,0,3.972395439632237,4.926722549134858,6.169041967950761
final_native,mixed,99,270920359,599caa2f31e068503b03163019b90ea024e95c0dd10c2d01ff139c627832cd58,1,1,0,1,0,0,259,15,0,0,0,152,0,15,0,0,1,0,3.4383334568701684,4.485993756679818,5.633542081341147
final_native,mixed,100,270920360,4cdf8fe18c4b98bf749d688f6573ca8448216a94886ad4b06d4ffc9aad6e9c6b,0,0,0,1,0,0,283,7,1,0,0,70,0,7,0,0,1,0,2.3946869769133627,3.291375254048034,3.7220839876681566
final_native,mixed,101,270920361,26575eb5a5411d02a3d8c9b9e5e23dc98dec169697c7256ff768757e27df9949,1,1,0,0,1,0,400,25,3,0,0,400,0,40,0,0,10,0,3.4003749606199563,4.50471875956282,5.583917023614049
final_native,mixed,102,270920362,2b45d2a3581c31b72e114fee2b84f1112c2f1a57bb42439bb429192e74b75777,4,4,0,0,1,0,400,19,1,0,0,400,0,40,0,0,1,0,4.090583475772291,5.464904516702518,6.803541909903288
final_native,mixed,103,270920363,99d890b2baa2aaf2206137b7c2a778ae65ba0d6fa1d88c2edb38219e04a83dbe,2,2,0,1,0,0,319,19,2,0,0,247,0,25,0,0,4,0,2.9254999244585633,4.627183126285672,5.449749995023012
final_native,mixed,104,270920364,6bb486b635fc85a5d88662fb79d4d9566bf90cb7a30fd4603778b987d3dc537c,3,3,0,0,1,0,400,38,1,0,0,400,0,40,0,0,13,0,3.5019165370613337,4.592841438716276,5.505959037691355
final_native,mixed,105,270920365,70068d5c706cda13ccbfe7b838065387ddb2a9cf71d567a348e6413e541139a9,5,0,1,0,1,0,400,18,0,0,0,400,0,40,0,0,3,0,3.7948545068502426,4.552877426613122,4.839792032726109
final_native,mixed,106,270920366,2c992114bdaf57b6084fcf4de375c0913a9085510b699721919a313ec79ae357,1,1,0,0,1,0,400,29,0,0,0,400,0,40,0,0,14,0,3.6510624922811985,4.5914562535472205,5.791125004179776
final_native,mixed,107,270920367,93a5d43c244df407cf561124de22e9446ae79c528aa40021b122386df08354c3,0,0,0,0,0,0,284,5,1,0,0,37,0,4,0,0,1,0,2.0122919231653214,2.728025452233851,2.7686250396072865
final_native,mixed,108,270920368,0438c2478cbe0fc3ff95cb6346ab9a55bdd9101a30e380d88b4762e67f8157c7,1,1,0,0,1,0,400,18,0,0,0,400,0,40,0,0,6,0,3.9383955881930888,5.013122910168022,5.332499975338578
final_native,mixed,109,270920369,056db279cade4a1e8219ead1cc541bec0252e235bfefb2c601ed5d86efc227ea,2,2,0,0,1,0,400,17,0,0,0,400,0,40,0,0,2,0,4.103020997717977,4.92883748956956,5.66537503618747
final_native,mixed,110,270920370,94baa6b0be4c116198507365c92d085eba9b7d1d7e96b677269d84e390168336,3,3,0,1,0,0,251,19,1,0,0,182,0,19,1,0,2,0,2.9525210266001523,4.760620166780427,5.462916917167604
final_native,mixed,111,270920371,0328e5ae00aaa1f53b2d180159e03df43e46dcf1b1bc4b5cec43ad226446bd9c,0,0,0,1,0,0,400,23,3,0,0,221,0,22,0,0,9,0,3.1752079958096147,4.939042031764984,6.044707959517837
final_native,mixed,112,270920372,7b657ce49ba8508736c62084d16a519661e42e810b04a8a70c30907e7c7acf90,2,2,0,1,0,0,400,10,1,0,0,80,0,8,0,0,0,0,2.464999968651682,3.6995517904870203,4.553374950774014
final_native,mixed,113,270920373,1f000033d8af65a4dc59f1fefa356736085ef63f486dd7989047492f0bbbc1d5,1,1,0,0,1,0,400,31,3,0,0,400,0,40,0,0,11,0,3.56429151725024,4.811612516641616,5.794457974843681
final_native,mixed,114,270920374,323ad9ffc3f665f15d8d1970516bdc12de03a4b25fae26ff80003ed40b4c3d80,7,2,1,0,1,0,400,23,1,0,0,400,0,40,0,0,6,0,3.778250014875084,4.879304161295295,5.9020830085501075
final_native,mixed,115,270920375,7cf21482e0df3bf1a38479fe3c8cc170e33c4b769a2dcd7ac266ffa5061d82e7,6,1,1,0,1,1.0,400,30,2,0,0,400,0,40,0,0,15,0,3.365624987054616,4.652736836578697,5.533875082619488
final_native,mixed,116,270920376,429092cdd7b3e3dabbc0d753b89121739342a5cf99a0feb7ce21b8b2f2404da5,6,1,1,1,0,0,339,29,1,0,0,335,0,34,1,0,12,0,3.4060839097946882,4.6554961707443,5.711790989153087
final_native,mixed,117,270920377,02003c838721ea06d8743dfbe93a1338e83eabeda77b3efe76794a205c029db8,2,2,0,0,1,0,400,19,1,0,0,400,0,40,0,0,3,0,4.065812507178634,4.92841839441098,5.795625038444996
final_native,mixed,118,270920378,3287653b71308b270b53170befb2dc21777d0c9e310b3d4dc2e90962f107642e,2,2,0,0,1,0,400,24,0,0,0,400,0,40,0,0,3,0,3.4433960099704564,4.560029198182747,5.455833044834435
final_native,mixed,119,270920379,916f1b8e2a8610516582a82321383e361f09948a14d969174c5d12ddfcc444c2,2,2,0,1,0,0,400,22,0,0,0,205,0,21,1,0,5,0,2.9476661002263427,4.234732966870069,5.1713340217247605
final_native,mixed,120,270920380,9355cd95ce8fc4b1898d1994b43e53b7cb74d5be6e70db42903053670e6647f1,7,2,1,0,1,0.5,400,19,1,0,0,400,0,40,0,0,1,0,3.529833455104381,5.036679393379015,12.770334025844932
final_native,mixed,121,270920381,2f8b337f629668d43a4e0f7005b3d73a30f319018812369dc739aee8867caa65,1,1,0,1,0,0,238,18,2,0,0,179,0,18,0,0,5,0,3.1090000411495566,4.503641079645604,5.028791027143598
final_native,mixed,122,270920382,6876c78f8a4658bcdf7a9057852c7bff3c66329ab296fb2f5f605bafcc12d38d,2,2,0,1,0,0,382,32,6,0,0,378,0,38,0,0,23,0,3.4934375435113907,4.642441822215914,5.826500011608005
final_native,mixed,123,270920383,eff16b1f99494984802be2a56404b13444deeba9ae51e3d92ae92335578e363c,1,1,0,1,0,0,337,16,0,0,0,144,0,15,1,0,5,0,2.3996459785848856,3.2738519133999944,3.6998329451307654
final_native,mixed,124,270920384,280e86e04ab3be0ebd5d1ca89388a4577ebea6dca1ec2b920608a4a2fb70af75,0,0,0,1,0,0,337,5,1,0,0,44,0,5,1,0,0,0,1.992791541852057,2.8883706021588296,3.24270804412663
final_native,mixed,125,270920385,e1a40ba21d7470dabd29703dbcf5ea37b56ab29761de2801ccffe264b9145d4d,6,1,1,0,1,0,400,24,0,0,0,400,0,40,0,0,7,0,3.9798750076442957,4.9589639937039465,5.666290991939604
final_native,mixed,126,270920386,0fc77422465fea1945d9275585f6dd7d980dd8d5dd4b2458334504b325c710c4,4,4,0,0,1,0,400,16,0,0,0,400,0,40,0,0,1,0,3.4385629114694893,4.838662839028983,5.599625059403479
final_native,mixed,127,270920387,cc338fbb889a4b92d966d0290aa403bc5ffbf9c7bfa6ab1f70fa9d78f0fd299c,0,0,0,0,1,0,400,21,0,0,0,400,0,40,0,0,5,0,4.27379144821316,4.76831243140623,6.045249989256263
final_native,mixed,128,270920388,1b2c3a82c979a326ed34ca4b4b3bdcd1cff2d9c952fec89e08b735e8789ad5f6,7,2,1,0,1,0,400,17,0,0,0,400,0,40,0,0,4,0,3.73189605306834,5.631455907132477,6.871041958220303
final_native,mixed,129,270920389,89c15162a1e75e2d6d1896a2c9f2c936edc1cae0eb8c930d9dbd289c5f9bae6c,1,1,0,1,0,0,257,5,0,0,0,47,0,5,0,0,0,0,2.3152920184656978,2.7532035252079368,3.0416250228881836
final_native,mixed,130,270920390,fdf2b466d5a83e4aaa8279ccc52dab826ee8f32c5dfe96a06668a2d9a3c3ad7a,1,1,0,1,0,0,400,10,0,0,0,99,0,10,0,0,2,0,2.897665952332318,3.8064663880504663,4.231666913256049
final_native,mixed,131,270920391,0215737a7234908b5498a67595fce79901c95fff57efdb8cd4ed96f12218d447,6,1,1,0,1,0.5,400,17,0,0,0,400,0,40,0,0,0,0,3.7632915191352367,4.675506625790148,5.374041968025267
final_native,mixed,132,270920392,3bffc9718295f8460c394dd6cdf4679b7b7027f99fbaaeb4b585608922187417,1,1,0,1,0,0,264,18,1,0,0,196,0,20,1,0,9,0,3.0553750111721456,4.017729283077642,4.815666005015373
final_native,mixed,133,270920393,0a44eb68d6ab1bb57f452a22c3cbd7c798298a0e9e167aa12fd81628b60e238d,0,0,0,1,0,0,262,10,1,0,0,187,0,19,0,0,2,0,2.894541947171092,4.668737750034778,5.521749961189926
final_native,mixed,134,270920394,dfcf29256207c01e0ae79f0a492e897709aa24d34d9b421fe1d78af356448660,2,2,0,1,0,0,335,26,1,0,0,314,0,32,1,0,9,0,3.445937007199973,4.5213373261503875,4.989500041119754
final_native,mixed,135,270920395,1736479fd4985201466a0db9c2457915215ebc19671e4af05a256ba9db7135fa,6,1,1,0,1,0,400,20,0,0,0,400,0,40,0,0,3,0,3.868208499625325,5.098224635003134,6.340792053379118
final_native,mixed,136,270920396,f56400fde974dd4a4fd2a10495520f6b56f15c4ec01e270be537da332dbea5e5,1,1,0,1,0,0,292,18,1,0,0,144,0,15,1,0,2,0,2.5425415369682014,3.6743831064086403,4.212541971355677
final_native,mixed,137,270920397,4c0313d3786a653a4f6212db6b5458b156843e137b7946a8800de444af8c8a49,1,1,0,1,0,0,400,13,1,0,0,274,0,28,1,0,6,0,3.068000019993633,5.031833454268053,5.59299997985363
final_native,mixed,138,270920398,198bb1705d08a9b26ef96eacce32f9e6506ee44e86ea3a1a0b79666189d24326,7,2,1,0,1,0,400,21,0,0,0,400,0,40,0,0,6,0,4.08431253163144,4.871875041862949,6.412832997739315
final_native,mixed,139,270920399,8fc2275e1df890b1957aca63da9262e32d043c9267ab5aed8ac6fd1c2c20343b,2,2,0,1,0,0,291,9,0,0,0,69,0,7,0,0,0,0,2.3610000498592854,3.1517833471298213,3.5300409654155374
final_native,mixed,140,270920400,3a55abe2a1a476123193cc7f6278dad2a3a48cbcd282815103226074063d4ef7,2,2,0,1,0,0,344,27,2,0,0,310,0,31,0,0,11,0,3.368624486029148,4.379014822188765,5.1414999179542065
final_native,mixed,141,270920401,2e4cf6019d32a1986fb8a6862e4aa2f882b41f5b89d6a632acb377cf1ba0439a,1,1,0,1,0,0,289,15,0,0,0,141,0,14,0,0,1,0,2.7005409356206656,3.790708025917411,4.185165977105498
final_native,mixed,142,270920402,1f04ebdf63b7533e8d2cacde649f21581258c23dceb8035228d9250a10194fba,6,1,1,0,1,0,281,20,0,0,0,281,0,29,0,0,6,0,4.824124975129962,6.9934159982949495,14.97454207856208
final_native,mixed,143,270920403,2ff99e1c1f863400f39760eff31269f74a27eb195c82dbd96a9d998aaaf1d35d,4,4,0,1,0,0,382,32,3,0,0,378,0,38,0,0,12,0,5.1823960384353995,7.0591018069535485,11.853249976411462
final_native,mixed,144,270920404,1ac771c8d27fe30a4fa20fe90cf8fff4de409d2e0c7ee1aabfd0bf6025423b76,12,2,2,0,1,1.0,400,37,2,0,0,400,0,40,0,0,14,0,4.747374972794205,7.012173550901934,8.288666955195367
final_native,mixed,145,270920405,6f650b83318361538ccd4059f3e8a96e02320f3a369cb0ac930ddfe174ac4f33,1,1,0,1,0,0,400,23,1,0,0,236,0,24,1,0,8,0,4.6524369972757995,6.789458246203139,9.878832963295281
final_native,mixed,146,270920406,925d2a3d62f0da84963f74d2371bb6e0437c1155e12bcf868acdae14306c2719,2,2,0,0,1,0,400,31,1,0,0,400,0,40,0,0,13,1,4.806042008567601,7.389868778409432,12.63729203492403
final_native,mixed,147,270920407,eafae0b534c8e7ff0288884b71bd9e94b9464825beeea32310e1f1ff8554c0b0,6,1,1,0,1,1.0,400,26,2,0,0,400,0,40,0,0,11,0,5.5886455229483545,8.635110483737662,47.10345796775073
final_native,mixed,148,270920408,557d7eaaf8256b0c06c065d5f101707fc6599265a60b92ffb201101d5e7297db,1,1,0,1,0,0,267,16,0,0,0,131,0,13,0,0,2,1,4.176416900008917,5.600854055956006,6.11658301204443
final_native,mixed,149,270920409,2adf57855dd5a5406fff7f0187d4af1da1d4d66ae6e4908c0d121c04e4dd624d,4,4,0,1,0,0,295,24,0,0,0,236,0,24,1,0,4,0,5.27537491871044,6.961729028262198,11.481082998216152
final_native,mixed,150,270920410,061e5c0dcf90810053ddef536b3cd40f1d2e59b17c1d56c3bb474c2a690645d3,0,0,0,0,1,0,400,19,0,0,0,400,0,40,0,0,5,1,5.522354040294886,8.482167293550447,12.562916963361204
final_native,mixed,151,270920411,8f54c5700b9935372cc714638d06efd4b537499c086e0bc4ae494396b5c06802,1,1,0,0,1,0,400,38,0,0,0,400,0,40,0,0,15,0,4.795708053279668,7.653102115727961,11.45370805170387
final_native,mixed,152,270920412,03f9084819f54160e70b2d5134be110d989e20ad6cb74d64f94487862e37c719,5,0,1,0,1,0,400,16,0,0,0,400,0,40,0,0,3,0,4.797750036232173,7.761827687500038,17.58708304259926
final_native,mixed,153,270920413,f53f525bcdee19a60ee6b0e1c50dabe0b10e115544ff8dc2e98c896350941a68,1,1,0,0,1,0,400,19,0,0,0,400,0,40,0,0,0,0,5.579791555646807,8.500021463260055,11.898290948010981
final_native,mixed,154,270920414,edc8a7a612b6dfa5120610de48aba7c5b1d0adb8acda5f563902615066589422,1,1,0,1,0,0,400,9,1,0,0,68,0,7,0,0,0,0,3.2225834438577294,4.312491888413206,5.237667006440461
final_native,mixed,155,270920415,c64b07795946d0f853c82457b30e3fb108970c1feb7085bfe7beb9eeda32cb0f,2,2,0,0,1,0,400,13,0,0,0,400,0,40,0,0,2,0,5.880979064386338,7.976702402811495,10.605333023704588
final_native,mixed,156,270920416,fd80bf563d7647e00511e922ce90654383ca409a41f9ee30d2128d26cbc599ae,0,0,0,1,0,0,346,17,0,0,0,300,0,30,0,0,4,0,4.819166904781014,6.3178184907883415,7.700083078816533
final_native,mixed,157,270920417,425ac68f6491fd1447097b3f360cf692605527f39920650914becbd6b2ba1cdb,2,2,0,0,1,0,400,18,0,0,0,400,0,40,0,0,1,0,5.756021535489708,7.325449952622875,9.887540945783257
final_native,mixed,158,270920418,fccbc21bea60bdfe9d422d6904870d04dfccf81b5b4e6cc6a40450189d311da1,0,0,0,1,0,0,298,14,1,0,0,294,0,30,1,0,5,0,5.734312522690743,14.217699988512276,56.73408298753202
final_native,mixed,159,270920419,e92fc1b8396f5168873f11aa83629a24de87d7c243c48aa4ff968d19e0763405,1,1,0,1,0,0,275,18,1,0,0,187,0,19,0,0,3,0,5.368249956518412,9.04413325479254,12.605499941855669
final_native,mixed,160,270920420,42e82f9b3046de492d97842041caee7d925b22aa1dc56b56be72e9ee948874f6,1,1,0,0,0,0,307,10,1,0,0,81,0,8,0,0,0,0,3.824499901384115,5.929125007241964,9.87125001847744
final_native,mixed,161,270920421,602ca795fdbdb5661e73a561a2fc5ef50d27a7c8eb3fb6669b7c90af9fd1110b,1,1,0,0,1,0,400,28,0,0,0,400,0,40,0,0,18,0,5.231541988905519,7.123423210578039,12.275708955712616
final_native,mixed,162,270920422,19c1ed9126067fea9762e3c9df2a20f2fd40c46c4dc23c3f83d9b22c527d22da,1,1,0,0,1,0,400,20,1,0,0,400,0,40,0,0,10,0,5.156103929039091,7.350720523390918,14.404832967557013
final_native,mixed,163,270920423,db364b6bb7ed9153f38a81707c363980062f28ca68a1a6358ca6baeeb59d3de0,6,1,1,1,0,1.0,400,16,1,0,0,172,0,18,1,0,4,0,4.752499517053366,7.003483333392067,7.9569160006940365
final_native,mixed,164,270920424,cd631c86be68160b95362c391c4ab3ef74563796d98243c64afdab63a0b611bc,1,1,0,0,0,0,288,10,0,0,0,75,0,8,1,0,0,0,3.8447079714387655,5.255825107451528,6.2767500057816505
final_native,mixed,165,270920425,58dac91167a7642e041df801df9bd1bf71edbffa984d2a30f4900ec8f2bb7982,1,1,0,1,0,0,260,12,1,0,0,199,0,20,0,0,1,0,5.425332929007709,7.589324365835637,14.76770790759474
final_native,mixed,166,270920426,030984d4416dc09283a411f21cba9c2e5f4c9b3f62992274c6c29509f03d20c5,7,2,1,0,1,1.0,400,12,0,0,0,400,0,40,0,0,3,0,5.55583304958418,6.774006818886845,9.619667078368366
final_native,mixed,167,270920427,b7257d42a124cdf4098d4f9d9b17c8f2c6836f6b29fc09b7976c737b0fae905f,1,1,0,0,1,0,400,31,3,0,0,400,0,40,0,0,14,0,4.676062031649053,7.079357735347002,12.095874990336597
final_native,mixed,168,270920428,47c8931c3cd1f60cbccf6521e076de88f1c798de4547227f8b68639a4608568d,0,0,0,0,1,0,400,17,0,0,0,400,0,40,0,0,2,1,5.089354526717216,7.384797604754567,23.768334067426622
final_native,mixed,169,270920429,35dacb6e8ae380e292cf17de97509de513925ed5c448913556eec49c7c8fe79b,9,4,1,0,1,1.0,400,22,2,0,0,400,0,40,0,0,9,0,4.7561670071445405,6.297164683928711,7.42820801679045
final_native,mixed,170,270920430,5544a14609cd65eeb0c6cb73d60061b50e64ef9409b464500b5ae8a1a8a44cac,6,1,1,0,1,0,400,33,1,0,0,400,0,40,0,0,21,0,4.943728446960449,6.533174641663207,9.1572500532493
final_native,mixed,171,270920431,3b5331bef184fe9fc90f39c7de75a4652e0ed748cf6ef9d969995c8153e40ee4,1,1,0,1,0,0,246,11,1,0,0,82,0,9,1,0,2,0,3.222104045562446,4.68435567454435,5.934166954830289
final_native,mixed,172,270920432,739d1045e3287f2a90752018b99a85d9df174fe1bc4d53e5fba9f77bb8b2cb78,1,1,0,1,0,0,304,15,1,0,0,123,0,13,1,0,1,0,3.6715000169351697,4.742629348766059,6.811083061620593
final_native,mixed,173,270920433,96574f6c503873eb5f7c963432992eb9a5b81f4568062fdd848a7f652516c9b9,5,0,1,1,0,0,382,25,2,0,0,378,0,38,0,0,14,0,5.581875040661544,7.649860630044713,16.21891593094915
final_native,mixed,174,270920434,635d0f06e2f9e6b29bd670a72a461feabbc40c4e1895069a46d1618eab4ad4ec,3,3,0,1,0,0,400,17,1,0,0,169,0,17,0,0,2,0,5.505708046257496,8.092942042276263,11.318832985125482
final_native,mixed,175,270920435,2e992337ab03592ed33fa33af35166e5a2c58a8dc15922c62bc878d9c622d921,0,0,0,0,1,0,400,13,0,0,0,400,0,40,0,0,0,0,6.680645456071943,8.651390176964924,30.257040983997285
final_native,mixed,176,270920436,d779717b73c9f6e1218431ec28100432b726a20887f24092b337c2dc874ffa4c,2,2,0,0,1,0,400,29,1,0,0,400,0,40,0,0,14,0,5.505249951966107,7.697896147146821,24.96854099445045
final_native,mixed,177,270920437,fe3d70855c9e6867603a278f1efc0fd55db3305fb063c5c2eeadf9fe39d58761,8,3,1,0,1,1.0,400,15,0,0,0,400,0,40,0,0,3,0,5.53262495668605,9.01677115471102,26.28391596954316
final_native,mixed,178,270920438,f7c19c5e299b720abe45ebbd26d444313a4663e8e136c201e0c860b8e447e6bf,1,1,0,1,0,0,273,23,1,0,0,249,0,25,0,0,6,0,5.125791998580098,7.877924828790128,10.43666701298207
final_native,mixed,179,270920439,734d49cda9cb3920538f2e10158abd2a380116d0a82d8681b2006e6dfa3fc745,12,2,2,0,1,1.0,400,22,0,0,0,400,0,40,0,0,6,0,5.2985415095463395,7.853431638795872,31.48624999448657
final_native,mixed,180,270920440,38d82020d0a7ce40cae6949aae58c1f716d58f21668697bb10297fda5e941abb,7,2,1,0,1,0,400,26,1,0,0,400,0,40,0,0,10,0,6.443271005991846,9.65290650492534,14.731500064954162
final_native,mixed,181,270920441,a2f046a19d50e153d5bc3b5035fa3085213c7648698a16fd85fb66eaad5d2d22,1,1,0,0,1,0,400,23,1,0,0,400,0,40,0,0,11,0,6.981083482969552,9.515714552253483,29.43654195405543
final_native,mixed,182,270920442,612cd68cc623cc6c109c9110da6aee7c54994770ab81fcaa9bbddc91f65b56b9,1,1,0,0,1,0,400,24,1,0,0,400,0,40,0,0,11,0,5.948020494543016,8.087195805273948,29.033292084932327
final_native,mixed,183,270920443,9634d92b33ff1ba1a11db3010c9eb212b10c93ac09308cea404b64c9ed28e30d,0,0,0,1,0,0,258,21,1,0,0,208,0,21,0,0,6,0,4.980062018148601,6.959110277239231,12.509583961218596
final_native,mixed,184,270920444,cac9cc150e22d71dd6b0c3f9dd1703ea9c43bf89af21097049fd3ceaccf9a752,4,4,0,0,1,0,400,16,0,0,0,400,0,40,0,0,2,0,7.721937552560121,11.008281551767137,20.102208945900202
final_native,mixed,185,270920445,3e122d29c81120c76784a644751cb66ae368a2e8f32e93817512697ab43ef52d,6,1,1,0,1,0,400,15,0,0,0,400,0,40,0,0,2,0,7.564541476313025,19.170735136140138,68.41116596478969
final_native,mixed,186,270920446,713fcd27f8f3bacaa3dc6091d8fe78eff7b73f8524112410b1d7c3b944e99d03,0,0,0,0,0,0,400,7,0,0,0,53,0,6,1,0,0,0,5.217541940510273,8.184400154277682,13.870708062313497
final_native,mixed,187,270920447,ade7c49701dd2251dfff64ac8aab87f7f7bb9e9c5a40811d99888260694e42f0,2,2,0,1,0,0,390,24,2,0,0,379,0,38,0,0,11,0,7.245875080116093,12.744533061049879,51.586249959655106
final_native,mixed,188,270920448,680f764f2c276cf9675c5979b8d54e10defe41afd65e0596e2c3891c35e22d46,4,4,0,0,1,0,211,18,1,0,0,211,0,22,0,0,5,0,6.102207931689918,9.894249960780144,15.96045889891684
final_native,mixed,189,270920449,5b9738db6b32491c284a78c05c62ede01f5a5b0eeb1c1029959aaadd44a241f8,1,1,0,0,1,0,400,15,0,0,0,400,0,40,0,0,3,0,6.513957923743874,9.380742290522901,38.86874997988343
final_native,mixed,190,270920450,9647c369b921a2847103d467e448df1f8b9e76150cb7d69f077fa01bb8176c39,0,0,0,1,0,0,341,5,0,0,0,42,0,4,0,0,1,0,3.3631459809839725,4.762005986412985,4.953833995386958
final_native,mixed,191,270920451,825a48479564da8bbc4bb7658b8ec10528ee0890966398fcec7d455fcaf4916b,2,2,0,1,0,0,400,9,1,0,0,67,0,7,0,0,0,0,3.9742080261930823,6.4449372468516195,9.960665949620306
final_native,mixed,192,270920452,cc2ac8e0ed03871310735e5132b82973a87e9b170b07af29180fd4c1d2310987,0,0,0,0,1,0,400,18,1,0,0,400,0,40,0,0,6,0,6.811333994846791,9.304931585211303,20.852459012530744
final_native,mixed,193,270920453,33ebb372f3cc1a560294502f01e08d81cdc162c6167b78cb4c79f292c848b35d,0,0,0,0,1,0,400,24,1,0,0,400,0,40,0,0,10,0,6.420229037757963,9.693445212906223,18.914666958153248
final_native,mixed,194,270920454,f775d8e98d9a414d2dc0e790fbe5da947b224e321e85efbabeaca66e69688a7a,0,0,0,1,0,0,230,9,1,0,0,65,0,7,1,0,1,0,3.854874987155199,4.674733593128622,5.314707988873124
final_native,mixed,195,270920455,4f2488a86f34dfe42e46bd3b07536b2c203b22a780436e653f24fbfa44345738,1,1,0,0,1,0,400,36,2,0,0,400,0,40,0,0,16,0,6.083333573769778,9.13956036092713,22.420666995458305
final_native,mixed,196,270920456,cdf5a1717ba0fdad9678ca7549ebd5b123721dd345023ea88bdb3a43e71e07c0,2,2,0,0,0,0,243,15,2,0,0,184,0,19,1,0,4,0,5.554812552873045,8.495460683479905,16.535750008188188
final_native,mixed,197,270920457,2e6945639f06c0806bb9a3a212477949030f998f606adfbeacc4ec82967378b4,1,1,0,1,0,0,290,10,0,0,0,78,0,8,0,0,2,0,3.8818545290268958,5.166108935372904,7.370791048742831
final_native,mixed,198,270920458,fc35b36b4db10964d000b1d5c4d87adbfec1c3e5e12d1b50dcf24022e14cc362,3,3,0,0,1,0,400,17,0,0,0,400,0,40,0,0,4,1,7.128833443857729,10.929144092369802,29.770249966531992
final_native,mixed,199,270920459,6f2a37fa4bb13989b1238873694fb19adf6ae1ac20ff4b2a062d1c14b547c053,0,0,0,1,0,0,288,17,4,0,0,146,0,15,1,0,5,0,5.328583065420389,11.15494774421677,29.371290933340788
