config,opponents,episode,seed,step,action,executed_action,latency_ms,timeout,audited,unsafe,bomb_dropped,threat,predicted_trap,death_within_six
final_native,strong,0,270920260,1,UP,UP,2.746917074546218,False,True,False,False,False,False,False
final_native,strong,0,270920260,2,BOMB,BOMB,1.6964999958872795,False,True,False,True,False,False,False
final_native,strong,0,270920260,3,DOWN,DOWN,1.6353749670088291,False,True,False,False,False,False,False
final_native,strong,0,270920260,4,LEFT,LEFT,1.7032501054927707,False,True,False,False,False,False,False
final_native,strong,0,270920260,5,WAIT,WAIT,1.6880000475794077,False,True,False,False,False,False,False
final_native,strong,0,270920260,6,WAIT,WAIT,1.6688751056790352,False,True,False,False,False,False,False
final_native,strong,0,270920260,7,WAIT,WAIT,1.8409169279038906,False,True,False,False,False,False,False
final_native,strong,0,270920260,8,WAIT,WAIT,1.783458050340414,False,True,False,False,False,False,False
final_native,strong,0,270920260,9,BOMB,BOMB,1.7017089994624257,False,True,False,True,False,False,False
final_native,strong,0,270920260,10,WAIT,WAIT,1.660750014707446,False,True,False,False,False,False,False
final_native,strong,0,270920260,11,RIGHT,RIGHT,1.7729999963194132,False,True,False,False,False,False,False
final_native,strong,0,270920260,12,UP,UP,1.8687499687075615,False,True,False,False,False,False,False
final_native,strong,0,270920260,13,UP,UP,2.8698330279439688,False,True,False,False,False,False,False
final_native,strong,0,270920260,14,UP,UP,2.225209027528763,False,True,False,False,False,False,False
final_native,strong,0,270920260,15,UP,UP,2.1518750581890345,False,True,False,False,False,False,False
final_native,strong,0,270920260,16,BOMB,BOMB,2.1477910922840238,False,True,False,True,False,False,False
final_native,strong,0,270920260,17,DOWN,DOWN,1.8385000294074416,False,True,False,False,False,False,False
final_native,strong,0,270920260,18,DOWN,DOWN,1.8012080108746886,False,True,False,False,False,False,False
final_native,strong,0,270920260,19,DOWN,DOWN,1.9943329971283674,False,True,False,False,False,False,False
final_native,strong,0,270920260,20,DOWN,DOWN,2.1018749102950096,False,True,False,False,False,False,False
final_native,strong,0,270920260,21,LEFT,LEFT,2.6427919510751963,False,True,False,False,False,False,False
final_native,strong,0,270920260,22,LEFT,LEFT,2.550833043642342,False,True,False,False,False,False,False
final_native,strong,0,270920260,23,BOMB,BOMB,2.9886659467592835,False,True,False,True,False,False,False
final_native,strong,0,270920260,24,WAIT,WAIT,2.4294579634442925,False,True,False,False,False,False,False
final_native,strong,0,270920260,25,RIGHT,RIGHT,2.2898329189047217,False,True,False,False,False,False,False
final_native,strong,0,270920260,26,RIGHT,RIGHT,2.2189170122146606,False,True,False,False,False,False,False
final_native,strong,0,270920260,27,UP,UP,2.339957980439067,False,True,False,False,False,False,False
final_native,strong,0,270920260,28,UP,UP,2.625957946293056,False,True,False,False,False,False,False
final_native,strong,0,270920260,29,UP,UP,2.4735418846830726,False,True,False,False,False,False,False
final_native,strong,0,270920260,30,UP,UP,2.6019590441137552,False,True,False,False,False,False,False
final_native,strong,0,270920260,31,UP,UP,3.2744170166552067,False,True,False,False,False,False,False
final_native,strong,0,270920260,32,UP,UP,2.9392909491434693,False,True,False,False,False,False,False
final_native,strong,0,270920260,33,BOMB,BOMB,3.236750024370849,False,True,False,True,False,False,False
final_native,strong,0,270920260,34,UP,UP,2.9074590420350432,False,True,False,False,False,False,False
final_native,strong,0,270920260,35,UP,UP,2.8930840780958533,False,True,False,False,False,False,False
final_native,strong,0,270920260,36,LEFT,LEFT,2.8470420511439443,False,True,False,False,False,False,False
final_native,strong,0,270920260,37,LEFT,LEFT,2.9274170519784093,False,True,False,False,False,False,False
final_native,strong,0,270920260,38,UP,UP,3.2014170428738,False,True,False,False,False,False,False
final_native,strong,0,270920260,39,WAIT,WAIT,2.9670409858226776,False,True,False,False,False,False,False
final_native,strong,0,270920260,40,BOMB,BOMB,2.9444999527186155,False,True,False,True,False,False,False
final_native,strong,0,270920260,41,WAIT,WAIT,2.6930420426651835,False,True,False,False,False,False,False
final_native,strong,0,270920260,42,WAIT,WAIT,2.6547079905867577,False,True,False,False,False,False,False
final_native,strong,0,270920260,43,UP,UP,2.5341250002384186,False,True,False,False,False,False,False
final_native,strong,0,270920260,44,LEFT,LEFT,2.5169160217046738,False,True,False,False,False,False,False
final_native,strong,0,270920260,45,LEFT,LEFT,2.792750019580126,False,True,False,False,False,False,False
final_native,strong,0,270920260,46,LEFT,LEFT,2.975707990117371,False,True,False,False,False,False,False
final_native,strong,0,270920260,47,LEFT,LEFT,2.848625066690147,False,True,False,False,False,False,False
final_native,strong,0,270920260,48,LEFT,LEFT,3.372041042894125,False,True,False,False,False,False,False
final_native,strong,0,270920260,49,LEFT,LEFT,2.819332992658019,False,True,False,False,False,False,False
final_native,strong,0,270920260,50,BOMB,BOMB,2.961665973998606,False,True,False,True,False,False,False
final_native,strong,0,270920260,51,LEFT,LEFT,2.459165989421308,False,True,False,False,False,False,False
final_native,strong,0,270920260,52,LEFT,LEFT,2.5961670326068997,False,True,False,False,False,False,False
final_native,strong,0,270920260,53,LEFT,LEFT,2.917999983765185,False,True,False,False,False,False,False
final_native,strong,0,270920260,54,LEFT,LEFT,2.812459017150104,False,True,False,False,False,False,False
final_native,strong,0,270920260,55,LEFT,LEFT,3.107125055976212,False,True,False,False,False,False,False
final_native,strong,0,270920260,56,LEFT,LEFT,3.2858329359441996,False,True,False,False,False,False,False
final_native,strong,0,270920260,57,DOWN,DOWN,3.5923749674111605,False,True,False,False,False,False,False
final_native,strong,0,270920260,58,DOWN,DOWN,3.0599579913541675,False,True,False,False,False,False,False
final_native,strong,0,270920260,59,DOWN,DOWN,3.0610000248998404,False,True,False,False,False,False,False
final_native,strong,0,270920260,60,UP,UP,3.00958298612386,False,True,False,False,False,False,False
final_native,strong,0,270920260,61,BOMB,BOMB,3.284333972260356,False,True,False,True,False,False,False
final_native,strong,0,270920260,62,UP,UP,2.805708907544613,False,True,False,False,False,False,False
final_native,strong,0,270920260,63,UP,UP,2.994208945892751,False,True,False,False,False,False,False
final_native,strong,0,270920260,64,UP,UP,3.2716249115765095,False,True,False,False,False,False,False
final_native,strong,0,270920260,65,UP,UP,3.1824579928070307,False,True,False,False,False,False,False
final_native,strong,0,270920260,66,UP,UP,3.656166954897344,False,True,False,False,False,False,False
final_native,strong,0,270920260,67,DOWN,DOWN,3.5141250118613243,False,True,False,False,False,False,False
final_native,strong,0,270920260,68,DOWN,DOWN,3.8410419365391135,False,True,False,False,False,False,False
final_native,strong,0,270920260,69,DOWN,DOWN,3.3699170453473926,False,True,False,False,False,False,False
final_native,strong,0,270920260,70,DOWN,DOWN,3.545125015079975,False,True,False,False,False,False,False
final_native,strong,0,270920260,71,DOWN,DOWN,3.2044999534264207,False,True,False,False,False,False,False
final_native,strong,0,270920260,72,WAIT,WAIT,3.2897499622777104,False,True,False,False,False,False,False
final_native,strong,0,270920260,73,DOWN,DOWN,3.3360410016030073,False,True,False,False,False,False,False
final_native,strong,0,270920260,74,DOWN,DOWN,2.9836250469088554,False,True,False,False,False,False,False
final_native,strong,0,270920260,75,DOWN,DOWN,2.991208923049271,False,True,False,False,False,False,False
final_native,strong,0,270920260,76,UP,UP,3.4462501062080264,False,True,False,False,False,False,False
final_native,strong,0,270920260,77,WAIT,WAIT,3.66658391430974,False,True,False,False,False,False,False
final_native,strong,0,270920260,78,UP,UP,3.589582978747785,False,True,False,False,False,False,False
final_native,strong,0,270920260,79,UP,UP,3.6567080533131957,False,True,False,False,False,False,False
final_native,strong,0,270920260,80,UP,UP,3.71691701002419,False,True,False,False,False,False,False
final_native,strong,0,270920260,81,UP,UP,3.64791601896286,False,True,False,False,False,False,False
final_native,strong,0,270920260,82,UP,UP,3.812875016592443,False,True,False,False,False,False,False
final_native,strong,0,270920260,83,UP,UP,3.8138340460136533,False,True,False,False,False,False,False
final_native,strong,0,270920260,84,UP,UP,3.8555830251425505,False,True,False,False,False,False,False
final_native,strong,0,270920260,85,UP,UP,3.935249987989664,False,True,False,False,False,False,False
final_native,strong,0,270920260,86,WAIT,WAIT,3.6840829998254776,False,True,False,False,False,False,False
final_native,strong,0,270920260,87,WAIT,WAIT,3.6147499922662973,False,True,False,False,False,False,False
final_native,strong,0,270920260,88,WAIT,WAIT,3.662707982584834,False,True,False,False,False,False,False
final_native,strong,0,270920260,89,WAIT,WAIT,3.8821659982204437,False,True,False,False,False,False,False
final_native,strong,0,270920260,90,WAIT,WAIT,3.8237920962274075,False,True,False,False,False,False,False
final_native,strong,0,270920260,91,WAIT,WAIT,3.800000064074993,False,True,False,False,False,False,False
final_native,strong,0,270920260,92,WAIT,WAIT,3.7358750123530626,False,True,False,False,False,False,False
final_native,strong,0,270920260,93,RIGHT,RIGHT,3.9342920063063502,False,True,False,False,False,False,False
final_native,strong,0,270920260,94,WAIT,WAIT,3.7418330321088433,False,True,False,False,False,False,False
final_native,strong,0,270920260,95,WAIT,WAIT,3.669042023830116,False,True,False,False,False,False,False
final_native,strong,0,270920260,96,WAIT,WAIT,3.6068749614059925,False,True,False,False,False,False,False
final_native,strong,0,270920260,97,WAIT,WAIT,3.5484160762280226,False,True,False,False,False,False,False
final_native,strong,0,270920260,98,WAIT,WAIT,3.4211670281365514,False,True,False,False,False,False,False
final_native,strong,0,270920260,99,WAIT,WAIT,3.367000026628375,False,True,False,False,False,False,False
final_native,strong,0,270920260,100,WAIT,WAIT,3.2772079575806856,False,True,False,False,False,False,False
final_native,strong,0,270920260,101,WAIT,WAIT,3.3482080325484276,False,True,False,False,False,False,False
final_native,strong,0,270920260,102,WAIT,WAIT,3.488333080895245,False,True,False,False,False,False,False
final_native,strong,0,270920260,103,WAIT,WAIT,3.4773749066516757,False,True,False,False,False,False,False
final_native,strong,0,270920260,104,WAIT,WAIT,3.4069590037688613,False,True,False,False,False,False,False
final_native,strong,0,270920260,105,WAIT,WAIT,3.3247090177610517,False,True,False,False,False,False,False
final_native,strong,0,270920260,106,WAIT,WAIT,3.400375018827617,False,True,False,False,False,False,False
final_native,strong,0,270920260,107,WAIT,WAIT,3.5669170320034027,False,True,False,False,False,False,False
final_native,strong,0,270920260,108,WAIT,WAIT,3.50099999923259,False,True,False,False,False,False,False
final_native,strong,0,270920260,109,WAIT,WAIT,3.4126250538975,False,True,False,False,False,False,False
final_native,strong,0,270920260,110,WAIT,WAIT,3.518959041684866,False,True,False,False,False,False,False
final_native,strong,0,270920260,111,WAIT,WAIT,3.695791936479509,False,True,False,False,False,False,False
final_native,strong,0,270920260,112,RIGHT,RIGHT,3.5275419941172004,False,True,False,False,False,False,False
final_native,strong,0,270920260,113,BOMB,BOMB,3.7271250039339066,False,True,False,True,False,False,False
final_native,strong,0,270920260,114,RIGHT,RIGHT,3.5636250395327806,False,True,False,False,False,False,False
final_native,strong,0,270920260,115,RIGHT,RIGHT,3.5997499944642186,False,True,False,False,False,False,False
final_native,strong,0,270920260,116,RIGHT,RIGHT,3.9636249421164393,False,True,False,False,False,False,False
final_native,strong,0,270920260,117,RIGHT,RIGHT,3.568209009245038,False,True,False,False,False,False,False
final_native,strong,0,270920260,118,DOWN,DOWN,4.382999963127077,False,True,False,False,False,False,False
final_native,strong,0,270920260,119,WAIT,WAIT,4.807208082638681,False,True,False,False,False,False,False
final_native,strong,0,270920260,120,DOWN,DOWN,4.462415934540331,False,True,False,False,False,False,False
final_native,strong,0,270920260,121,DOWN,DOWN,4.9533749697729945,False,True,False,False,False,False,False
final_native,strong,0,270920260,122,DOWN,DOWN,4.945583059452474,False,True,False,False,False,False,False
final_native,strong,0,270920260,123,LEFT,LEFT,5.361082963645458,False,True,False,False,False,False,False
final_native,strong,0,270920260,124,LEFT,LEFT,4.285749979317188,False,True,False,False,False,False,False
final_native,strong,0,270920260,125,DOWN,DOWN,4.707084037363529,False,True,False,False,False,False,False
final_native,strong,0,270920260,126,DOWN,DOWN,3.8644159212708473,False,True,False,False,False,False,False
final_native,strong,0,270920260,127,BOMB,BOMB,4.865667084231973,False,True,False,True,True,False,False
final_native,strong,0,270920260,128,DOWN,DOWN,3.372624982148409,False,True,False,False,False,False,False
final_native,strong,0,270920260,129,DOWN,DOWN,3.1009999802336097,False,True,False,False,False,False,False
final_native,strong,0,270920260,130,DOWN,DOWN,3.508417052216828,False,True,False,False,False,False,False
final_native,strong,0,270920260,131,DOWN,DOWN,3.0085420003160834,False,True,False,False,False,False,False
final_native,strong,0,270920260,132,LEFT,LEFT,4.066791036166251,False,True,False,False,False,False,False
final_native,strong,0,270920260,133,LEFT,LEFT,3.5666669718921185,False,True,False,False,False,False,False
final_native,strong,0,270920260,134,BOMB,BOMB,3.417207975871861,False,True,False,True,False,False,False
final_native,strong,0,270920260,135,LEFT,LEFT,3.0570420203730464,False,True,False,False,False,False,False
final_native,strong,0,270920260,136,WAIT,WAIT,3.1932080164551735,False,True,False,False,False,False,False
final_native,strong,0,270920260,137,LEFT,LEFT,2.939665922895074,False,True,False,False,False,False,False
final_native,strong,0,270920260,138,UP,UP,3.069999977014959,False,True,False,False,False,False,False
final_native,strong,0,270920260,139,UP,UP,3.462333930656314,False,True,False,False,False,False,False
final_native,strong,0,270920260,140,UP,UP,3.9589579682797194,False,True,False,False,False,False,False
final_native,strong,0,270920260,141,UP,UP,3.6435829242691398,False,True,False,False,False,False,False
final_native,strong,0,270920260,142,UP,UP,3.8133750203996897,False,True,False,False,False,False,False
final_native,strong,0,270920260,143,UP,UP,3.59895802102983,False,True,False,False,False,False,False
final_native,strong,0,270920260,144,UP,UP,3.808791982010007,False,True,False,False,False,False,False
final_native,strong,0,270920260,145,UP,UP,3.6072919610887766,False,True,False,False,False,False,False
final_native,strong,0,270920260,146,UP,UP,3.8134580245241523,False,True,False,False,False,False,False
final_native,strong,0,270920260,147,UP,UP,3.462958033196628,False,True,False,False,False,False,False
final_native,strong,0,270920260,148,RIGHT,RIGHT,3.4157909685745835,False,True,False,False,False,False,False
final_native,strong,0,270920260,149,RIGHT,RIGHT,4.51312493532896,False,True,False,False,False,False,False
final_native,strong,0,270920260,150,RIGHT,RIGHT,3.6319169448688626,False,True,False,False,False,False,False
final_native,strong,0,270920260,151,RIGHT,RIGHT,3.4708750899881124,False,True,False,False,False,False,False
final_native,strong,0,270920260,152,RIGHT,RIGHT,4.015500075183809,False,True,False,False,False,False,False
final_native,strong,0,270920260,153,WAIT,WAIT,3.734916914254427,False,True,False,False,False,False,False
final_native,strong,0,270920260,154,WAIT,WAIT,3.67312494199723,False,True,False,False,False,False,False
final_native,strong,0,270920260,155,WAIT,WAIT,3.5639170091599226,False,True,False,False,False,False,False
final_native,strong,0,270920260,156,WAIT,WAIT,3.5231660585850477,False,True,False,False,False,False,False
final_native,strong,0,270920260,157,RIGHT,RIGHT,3.4649999579414725,False,True,False,False,False,False,False
final_native,strong,0,270920260,158,DOWN,DOWN,3.6890830378979445,False,True,False,False,False,False,False
final_native,strong,0,270920260,159,DOWN,DOWN,3.7418330321088433,False,True,False,False,False,False,False
final_native,strong,0,270920260,160,DOWN,DOWN,4.541250062175095,False,True,False,False,False,False,False
final_native,strong,0,270920260,161,DOWN,DOWN,4.134666989557445,False,True,False,False,False,False,False
final_native,strong,0,270920260,162,DOWN,DOWN,4.673041985370219,False,True,False,False,False,False,False
final_native,strong,0,270920260,163,DOWN,DOWN,4.067374975420535,False,True,False,False,False,False,False
final_native,strong,0,270920260,164,DOWN,DOWN,4.718833952210844,False,True,False,False,False,False,False
final_native,strong,0,270920260,165,DOWN,DOWN,3.7622080417349935,False,True,False,False,False,False,False
final_native,strong,0,270920260,166,DOWN,DOWN,4.370875074528158,False,True,False,False,False,False,False
final_native,strong,0,270920260,167,DOWN,DOWN,3.534708986990154,False,True,False,False,False,False,False
final_native,strong,0,270920260,168,DOWN,DOWN,3.7890829844400287,False,True,False,False,False,False,False
final_native,strong,0,270920260,169,DOWN,DOWN,3.493624972179532,False,True,False,False,False,False,False
final_native,strong,0,270920260,170,DOWN,DOWN,4.156999988481402,False,True,False,False,False,False,False
final_native,strong,0,270920260,171,DOWN,DOWN,3.3912500366568565,False,True,False,False,False,False,False
final_native,strong,0,270920260,172,RIGHT,RIGHT,3.5959999077022076,False,True,False,False,False,False,False
final_native,strong,0,270920260,173,RIGHT,RIGHT,3.2290000235661864,False,True,False,False,False,False,False
final_native,strong,0,270920260,174,RIGHT,RIGHT,3.481250023469329,False,True,False,False,False,False,False
final_native,strong,0,270920260,175,RIGHT,RIGHT,3.0007919995114207,False,True,False,False,False,False,False
final_native,strong,0,270920260,176,BOMB,BOMB,2.995499991811812,False,True,False,True,False,False,False
final_native,strong,0,270920260,177,RIGHT,RIGHT,2.648875000886619,False,True,False,False,False,False,False
final_native,strong,0,270920260,178,RIGHT,RIGHT,2.5763330049812794,False,True,False,False,False,False,False
final_native,strong,0,270920260,179,RIGHT,RIGHT,2.7649999829009175,False,True,False,False,False,False,False
final_native,strong,0,270920260,180,RIGHT,RIGHT,2.614166005514562,False,True,False,False,False,False,False
final_native,strong,0,270920260,181,UP,UP,2.935833064839244,False,True,False,False,False,False,False
final_native,strong,0,270920260,182,WAIT,WAIT,3.055791021324694,False,True,False,False,False,False,False
final_native,strong,0,270920260,183,WAIT,WAIT,2.9811670538038015,False,True,False,False,False,False,False
final_native,strong,0,270920260,184,WAIT,WAIT,3.0275830067694187,False,True,False,False,False,False,False
final_native,strong,0,270920260,185,WAIT,WAIT,3.1907500233501196,False,True,False,False,False,False,False
final_native,strong,0,270920260,186,WAIT,WAIT,3.1669579911977053,False,True,False,False,False,False,False
final_native,strong,0,270920260,187,WAIT,WAIT,3.2365000806748867,False,True,False,False,False,False,False
final_native,strong,0,270920260,188,WAIT,WAIT,3.373541054315865,False,True,False,False,False,False,False
final_native,strong,0,270920260,189,WAIT,WAIT,3.3967499621212482,False,True,False,False,False,False,False
final_native,strong,0,270920260,190,UP,UP,3.212040988728404,False,True,False,False,False,False,False
final_native,strong,0,270920260,191,BOMB,BOMB,3.423792077228427,False,True,False,True,False,False,False
final_native,strong,0,270920260,192,UP,UP,3.2900419319048524,False,True,False,False,False,False,False
final_native,strong,0,270920260,193,UP,UP,2.9038339853286743,False,True,False,False,False,False,False
final_native,strong,0,270920260,194,LEFT,LEFT,3.062667092308402,False,True,False,False,False,False,False
final_native,strong,0,270920260,195,LEFT,LEFT,3.0214579310268164,False,True,False,False,False,False,False
final_native,strong,0,270920260,196,DOWN,DOWN,3.9969589561223984,False,True,False,False,False,False,False
final_native,strong,0,270920260,197,DOWN,DOWN,3.3459579572081566,False,True,False,False,False,False,False
final_native,strong,0,270920260,198,BOMB,BOMB,4.297624924220145,False,True,False,True,True,False,False
final_native,strong,0,270920260,199,DOWN,DOWN,3.2190419733524323,False,True,False,False,False,False,False
final_native,strong,0,270920260,200,DOWN,DOWN,2.9352499404922128,False,True,False,False,False,False,False
final_native,strong,0,270920260,201,LEFT,LEFT,3.0012079514563084,False,True,False,False,False,False,False
final_native,strong,0,270920260,202,LEFT,LEFT,3.136291983537376,False,True,False,False,False,False,False
final_native,strong,0,270920260,203,LEFT,LEFT,4.5168750220909715,False,True,False,False,False,False,False
final_native,strong,0,270920260,204,WAIT,WAIT,4.360791062936187,False,True,False,False,False,False,False
final_native,strong,0,270920260,205,LEFT,LEFT,4.276457941159606,False,True,False,False,False,False,False
final_native,strong,0,270920260,206,LEFT,LEFT,4.739250056445599,False,True,False,False,False,False,False
final_native,strong,0,270920260,207,WAIT,WAIT,4.405541927553713,False,True,False,False,False,False,False
final_native,strong,0,270920260,208,WAIT,WAIT,4.509374964982271,False,True,False,False,False,False,False
final_native,strong,0,270920260,209,WAIT,WAIT,4.257166991010308,False,True,False,False,False,False,False
final_native,strong,0,270920260,210,WAIT,WAIT,4.265208030119538,False,True,False,False,False,False,False
final_native,strong,0,270920260,211,WAIT,WAIT,4.103334038518369,False,True,False,False,False,False,True
final_native,strong,0,270920260,212,BOMB,BOMB,4.433875088579953,False,True,False,True,True,False,True
final_native,strong,0,270920260,213,RIGHT,RIGHT,3.937375033274293,False,True,False,False,False,False,True
final_native,strong,0,270920260,214,RIGHT,RIGHT,4.074916942045093,False,True,False,False,False,False,True
final_native,strong,0,270920260,215,RIGHT,RIGHT,3.5657909465953708,False,True,False,False,False,False,True
final_native,strong,0,270920260,216,LEFT,LEFT,3.366833901964128,False,False,False,False,False,False,True
